{
  "train": {
    "l2": [
      0.0022258485102149383,
      0.002218554573092222,
      0.0022118606081432514,
      0.002205115759513714,
      0.0021988758446177177,
      0.0021930999050865938,
      0.0021875564100801224,
      0.0021825725338742077,
      0.0021778377022716867,
      0.0021737054470289292,
      0.0021691973033897143,
      0.0021649565028417396,
      0.0021611383723447084,
      0.0021573546682273413,
      0.0021538547218186536,
      0.0021503441761764074,
      0.00214721418032647,
      0.002144116258912685,
      0.0021413333392043985,
      0.002137975569152473,
      0.002135397400608449,
      0.0021327750973845023,
      0.0021301919812508428,
      0.002127840815556671,
      0.0021251060827016197,
      0.002122726333304409,
      0.002120526270104179,
      0.002117961137015921,
      0.0021156532153122822,
      0.0021138172234001,
      0.002111859807408958,
      0.00210994701703492,
      0.0021081896152734024,
      0.0021060228065606255,
      0.002104109745946844,
      0.002101965577069325,
      0.0021001082580113205,
      0.0020983459133051543,
      0.0020965826509611513,
      0.002095169692160941,
      0.002093743363697603,
      0.0020922173317869126,
      0.002090608989584239,
      0.0020887883358262,
      0.0020874524992002307,
      0.002085912453046516,
      0.002084504886802624,
      0.002083089004473357,
      0.0020814997685881156,
      0.0020800599107663044,
      0.002078828661379241,
      0.0020777577961134837,
      0.0020764894813467124,
      0.0020749254916717238,
      0.0020738521319866,
      0.002072730469861232,
      0.00207170210289759,
      0.0020706050676924676,
      0.002069513471119712,
      0.0020686753535729425,
      0.002067562043722281,
      0.0020663992677079123,
      0.0020654459242374357,
      0.0020643321542962484,
      0.002063319384104538,
      0.0020624267000485612,
      0.0020615330883535336,
      0.0020607416199367075,
      0.0020598291818738684,
      0.002058972474465778,
      0.0020579640688475637,
      0.0020569974790929056,
      0.0020559526110906245,
      0.002054846698302916,
      0.002053892205654972,
      0.0020531947004495755,
      0.002052494975244815
    ]
  },
  "valid": {
    "l2": [
      0.0018854770725706177,
      0.0018852192683542642,
      0.0018849701827962164,
      0.0018846752432978694,
      0.0018844640553681005,
      0.0018842125757131392,
      0.0018840311866065828,
      0.001883934222165544,
      0.0018839356821651618,
      0.0018839213672630405,
      0.0018836981255656948,
      0.0018837255085248823,
      0.0018837383597735905,
      0.001883587272441598,
      0.0018834904356680034,
      0.001883400577320359,
      0.0018835003367902229,
      0.0018834441429805343,
      0.0018834983122733543,
      0.0018834006112382444,
      0.0018833564182186991,
      0.001883303301049632,
      0.0018833232109486632,
      0.0018831674419208405,
      0.0018831430015018038,
      0.0018831890099232002,
      0.001883047063595163,
      0.001883070869657208,
      0.0018832489211874166,
      0.0018833695116118974,
      0.0018832508128555777,
      0.0018832855371155566,
      0.0018832061090257798,
      0.0018832877422599672,
      0.0018833003843400876,
      0.0018833886210158444,
      0.0018836424007064737,
      0.001883701802325755,
      0.0018838107702625526,
      0.0018839994038655622,
      0.001884087536182004,
      0.0018842218688408954,
      0.0018840349352631058,
      0.0018840166747361926,
      0.0018840741235396483,
      0.0018841199213221298,
      0.001884154920375227,
      0.0018841927934406544,
      0.0018843226564456638,
      0.0018844876254188185,
      0.0018844085541370192,
      0.0018843520875134721,
      0.0018843581622203021,
      0.0018843788696707956,
      0.0018843534056908074,
      0.0018845275128721944,
      0.0018845588365704736,
      0.0018847583713913966,
      0.0018847690390555057,
      0.0018849240271951887,
      0.0018851873622715424,
      0.0018854494497226395,
      0.0018856093027335343,
      0.001885809263622823,
      0.0018859543516978338,
      0.0018860236970853293,
      0.0018861933554020337,
      0.0018863688944927661,
      0.00188657169423748,
      0.0018865848478576812,
      0.0018867320779664288,
      0.0018867115089081907,
      0.0018869738836318204,
      0.001887214459521155,
      0.0018871814907604782,
      0.0018871580167068706,
      0.0018872181604898514
    ]
  }
}