{
  "train": {
    "l2": [
      0.002228340105000521,
      0.0022226503087855658,
      0.002217237864412064,
      0.0022121115271448544,
      0.0022074194835407374,
      0.002203417491481606,
      0.002199425578111233,
      0.002195738039898287,
      0.0021925937068212817,
      0.0021894092027792337,
      0.002186488479802466,
      0.0021838320586564115,
      0.002180844428089362,
      0.0021782132671089257,
      0.0021760683100262314,
      0.002173701992389008,
      0.0021714631493694836,
      0.0021694010377817916,
      0.002167516641992808,
      0.0021654265310060814,
      0.0021638120804271903,
      0.0021621480928363957,
      0.0021606294256199497,
      0.0021592101116027253,
      0.002157596247512794,
      0.0021560719688299528,
      0.002154449719445878,
      0.0021532231298805214,
      0.0021521446507247787,
      0.0021507167333119953,
      0.002149620795633507,
      0.002148413562527418,
      0.0021474758054344195,
      0.0021465453955511263,
      0.002145424297499432,
      0.0021441014339204667,
      0.002143138044896219,
      0.0021419563067777724,
      0.0021409518020586134,
      0.0021400810563814506,
      0.0021392698834537824,
      0.00213825889190118,
      0.002137255968821166,
      0.0021362409204140277,
      0.00213546634099591,
      0.0021345809166822896,
      0.002133678398018868,
      0.0021326524089444036,
      0.0021318793259259704,
      0.0021309057124188884,
      0.002130207832477766,
      0.002129585746637268,
      0.002128896669356634,
      0.002128304708728455,
      0.0021277645600863908,
      0.0021271259679903386,
      0.0021264738973141386,
      0.0021258399780864235,
      0.002125207014089116,
      0.0021246089635589076,
      0.0021240212315140937,
      0.00212352027971252,
      0.002122796234712228,
      0.002122358779299918,
      0.0021216188795431606
    ]
  },
  "valid": {
    "l2": [
      0.0018858667708002998,
      0.0018854703480847112,
      0.0018851163218358625,
      0.001884953057646534,
      0.0018849207287576965,
      0.0018845909170599397,
      0.0018842958150577108,
      0.0018841784468577355,
      0.001883992064477474,
      0.0018840238119255445,
      0.0018839442153376804,
      0.0018838058560740323,
      0.001883722894615454,
      0.0018836990830621708,
      0.0018835570362072472,
      0.0018836828306600768,
      0.0018837362306381128,
      0.0018837294788975987,
      0.0018839951566732606,
      0.0018841653095245032,
      0.0018840698220180811,
      0.0018841520796809706,
      0.0018840279946165889,
      0.0018841108798268282,
      0.0018841876549569913,
      0.0018842291405991062,
      0.001884468960250893,
      0.0018844129506555142,
      0.0018845990172601205,
      0.0018846486599980983,
      0.0018846915522102259,
      0.001884694356370051,
      0.0018846978397151204,
      0.0018848051220009224,
      0.0018847949810232763,
      0.0018850242429585633,
      0.0018851256751877122,
      0.0018853540065634164,
      0.0018855244689771425,
      0.0018856751893256477,
      0.0018855846474529153,
      0.001885612198641466,
      0.0018856581014841702,
      0.0018858034219060976,
      0.0018857937819696843,
      0.0018858351350342138,
      0.00188594160546363,
      0.0018859615127524946,
      0.0018858212453065368,
      0.0018860036941386364,
      0.0018859062518123014,
      0.0018858961515749628,
      0.0018859400226341116,
      0.001885905627728768,
      0.0018858742214434617,
      0.0018858304294902914,
      0.0018860738091291812,
      0.001886206703160749,
      0.0018861737373627482,
      0.0018863048544769557,
      0.0018863331550365236,
      0.0018863514705574356,
      0.0018863699348560762,
      0.0018864199606587072,
      0.0018864405848558361
    ]
  }
}